,sub_region_1,sub_region_2
73563,,
73620,Alabama,
73677,Alabama,Autauga County
73734,Alabama,Baldwin County
73791,Alabama,Barbour County
73848,Alabama,Bibb County
73905,Alabama,Blount County
73962,Alabama,Bullock County
74018,Alabama,Butler County
74075,Alabama,Calhoun County
74132,Alabama,Chambers County
74189,Alabama,Cherokee County
74246,Alabama,Chilton County
74303,Alabama,Choctaw County
74359,Alabama,Clarke County
74416,Alabama,Clay County
74472,Alabama,Cleburne County
74529,Alabama,Coffee County
74586,Alabama,Colbert County
74643,Alabama,Conecuh County
74700,Alabama,Coosa County
74740,Alabama,Covington County
74797,Alabama,Crenshaw County
74854,Alabama,Cullman County
74911,Alabama,Dale County
74968,Alabama,Dallas County
75025,Alabama,DeKalb County
75082,Alabama,Elmore County
75139,Alabama,Escambia County
75196,Alabama,Etowah County
75253,Alabama,Fayette County
75309,Alabama,Franklin County
75366,Alabama,Geneva County
75423,Alabama,Greene County
75480,Alabama,Hale County
75537,Alabama,Henry County
75594,Alabama,Houston County
75651,Alabama,Jackson County
75708,Alabama,Jefferson County
75765,Alabama,Lamar County
75821,Alabama,Lauderdale County
75878,Alabama,Lawrence County
75935,Alabama,Lee County
75992,Alabama,Limestone County
76049,Alabama,Lowndes County
76106,Alabama,Macon County
76163,Alabama,Madison County
76220,Alabama,Marengo County
76277,Alabama,Marion County
76334,Alabama,Marshall County
76391,Alabama,Mobile County
76448,Alabama,Monroe County
76505,Alabama,Montgomery County
76562,Alabama,Morgan County
76619,Alabama,Perry County
76670,Alabama,Pickens County
76724,Alabama,Pike County
76781,Alabama,Randolph County
76838,Alabama,Russell County
76895,Alabama,Shelby County
76952,Alabama,St. Clair County
77009,Alabama,Sumter County
77060,Alabama,Talladega County
77117,Alabama,Tallapoosa County
77174,Alabama,Tuscaloosa County
77231,Alabama,Walker County
77288,Alabama,Washington County
77344,Alabama,Wilcox County
77388,Alabama,Winston County
77445,Alaska,
77502,Alaska,Anchorage
77559,Alaska,Bethel
77603,Alaska,Fairbanks North Star
77660,Alaska,Juneau
77717,Alaska,Kenai Peninsula Borough
77774,Alaska,Ketchikan Gateway
77830,Alaska,Kodiak Island
77886,Alaska,Matanuska-Susitna
77943,Alaska,North Slope
77985,Alaska,Sitka
78006,Alaska,Southeast Fairbanks
78009,Alaska,Valdez-Cordova
78049,Arizona,
78106,Arizona,Apache County
78163,Arizona,Cochise County
78220,Arizona,Coconino County
78277,Arizona,Gila County
78334,Arizona,Graham County
78391,Arizona,Greenlee County
78447,Arizona,La Paz County
78504,Arizona,Maricopa County
78561,Arizona,Mohave County
78618,Arizona,Navajo County
78675,Arizona,Pima County
78732,Arizona,Pinal County
78789,Arizona,Santa Cruz County
78846,Arizona,Yavapai County
78903,Arizona,Yuma County
78960,Arkansas,
79017,Arkansas,Arkansas County
79074,Arkansas,Ashley County
79131,Arkansas,Baxter County
79188,Arkansas,Benton County
79245,Arkansas,Boone County
79302,Arkansas,Bradley County
79358,Arkansas,Carroll County
79415,Arkansas,Chicot County
79462,Arkansas,Clark County
79519,Arkansas,Clay County
79575,Arkansas,Cleburne County
79632,Arkansas,Cleveland County
79663,Arkansas,Columbia County
79720,Arkansas,Conway County
79777,Arkansas,Craighead County
79834,Arkansas,Crawford County
79891,Arkansas,Crittenden County
79948,Arkansas,Cross County
80005,Arkansas,Dallas County
80058,Arkansas,Desha County
80114,Arkansas,Drew County
80171,Arkansas,Faulkner County
80228,Arkansas,Franklin County
80285,Arkansas,Fulton County
80325,Arkansas,Garland County
80382,Arkansas,Grant County
80439,Arkansas,Greene County
80496,Arkansas,Hempstead County
80553,Arkansas,Hot Spring County
80610,Arkansas,Howard County
80667,Arkansas,Independence County
80724,Arkansas,Izard County
80772,Arkansas,Jackson County
80828,Arkansas,Jefferson County
80885,Arkansas,Johnson County
80942,Arkansas,Lawrence County
80998,Arkansas,Lincoln County
81045,Arkansas,Little River County
81101,Arkansas,Logan County
81158,Arkansas,Lonoke County
81215,Arkansas,Madison County
81272,Arkansas,Marion County
81329,Arkansas,Miller County
81386,Arkansas,Mississippi County
81443,Arkansas,Monroe County
81499,Arkansas,Montgomery County
81537,Arkansas,Nevada County
81594,Arkansas,Newton County
81609,Arkansas,Ouachita County
81666,Arkansas,Perry County
81706,Arkansas,Phillips County
81763,Arkansas,Pike County
81819,Arkansas,Poinsett County
81876,Arkansas,Polk County
81933,Arkansas,Pope County
81990,Arkansas,Prairie County
82030,Arkansas,Pulaski County
82087,Arkansas,Randolph County
82144,Arkansas,Saline County
82201,Arkansas,Scott County
82251,Arkansas,Searcy County
82284,Arkansas,Sebastian County
82341,Arkansas,Sevier County
82398,Arkansas,Sharp County
82455,Arkansas,St. Francis County
82512,Arkansas,Stone County
82568,Arkansas,Union County
82625,Arkansas,Van Buren County
82681,Arkansas,Washington County
82738,Arkansas,White County
82795,Arkansas,Yell County
82852,California,
82909,California,Alameda County
82966,California,Amador County
83023,California,Butte County
83080,California,Calaveras County
83137,California,Colusa County
83194,California,Contra Costa County
83251,California,Del Norte County
83308,California,El Dorado County
83365,California,Fresno County
83422,California,Glenn County
83479,California,Humboldt County
83536,California,Imperial County
83593,California,Inyo County
83650,California,Kern County
83707,California,Kings County
83764,California,Lake County
83821,California,Lassen County
83878,California,Los Angeles County
83935,California,Madera County
83992,California,Marin County
84049,California,Mariposa County
84106,California,Mendocino County
84163,California,Merced County
84220,California,Modoc County
84260,California,Mono County
84317,California,Monterey County
84374,California,Napa County
84431,California,Nevada County
84488,California,Orange County
84545,California,Placer County
84602,California,Plumas County
84659,California,Riverside County
84716,California,Sacramento County
84773,California,San Benito County
84830,California,San Bernardino County
84887,California,San Diego County
84944,California,San Francisco County
85001,California,San Joaquin County
85058,California,San Luis Obispo County
85115,California,San Mateo County
85172,California,Santa Barbara County
85229,California,Santa Clara County
85286,California,Santa Cruz County
85343,California,Shasta County
85400,California,Siskiyou County
85457,California,Solano County
85514,California,Sonoma County
85571,California,Stanislaus County
85628,California,Sutter County
85685,California,Tehama County
85742,California,Trinity County
85798,California,Tulare County
85855,California,Tuolumne County
85912,California,Ventura County
85969,California,Yolo County
86026,California,Yuba County
86083,Colorado,
86140,Colorado,Adams County
86197,Colorado,Alamosa County
86254,Colorado,Arapahoe County
86311,Colorado,Archuleta County
86368,Colorado,Bent County
86371,Colorado,Boulder County
86428,Colorado,Broomfield County
86485,Colorado,Chaffee County
86542,Colorado,Clear Creek County
86599,Colorado,Conejos County
86636,Colorado,Delta County
86693,Colorado,Denver County
86750,Colorado,Douglas County
86807,Colorado,Eagle County
86864,Colorado,El Paso County
86921,Colorado,Elbert County
86978,Colorado,Fremont County
87035,Colorado,Garfield County
87092,Colorado,Gilpin County
87132,Colorado,Grand County
87189,Colorado,Gunnison County
87246,Colorado,Huerfano County
87302,Colorado,Jefferson County
87359,Colorado,Kiowa County
87360,Colorado,Kit Carson County
87417,Colorado,La Plata County
87474,Colorado,Lake County
87531,Colorado,Larimer County
87588,Colorado,Las Animas County
87645,Colorado,Lincoln County
87702,Colorado,Logan County
87759,Colorado,Mesa County
87816,Colorado,Moffat County
87873,Colorado,Montezuma County
87930,Colorado,Montrose County
87987,Colorado,Morgan County
88044,Colorado,Otero County
88101,Colorado,Ouray County
88106,Colorado,Park County
88163,Colorado,Phillips County
88164,Colorado,Pitkin County
88221,Colorado,Prowers County
88278,Colorado,Pueblo County
88335,Colorado,Rio Blanco County
88350,Colorado,Rio Grande County
88407,Colorado,Routt County
88464,Colorado,Saguache County
88486,Colorado,San Miguel County
88535,Colorado,Summit County
88592,Colorado,Teller County
88649,Colorado,Washington County
88652,Colorado,Weld County
88709,Colorado,Yuma County
88765,Connecticut,
88822,Connecticut,Fairfield County
88879,Connecticut,Hartford County
88936,Connecticut,Litchfield County
88993,Connecticut,Middlesex County
89050,Connecticut,New Haven County
89107,Connecticut,New London County
89164,Connecticut,Tolland County
89221,Connecticut,Windham County
89278,Delaware,
89335,Delaware,Kent County
89392,Delaware,New Castle County
89449,Delaware,Sussex County
89506,District of Columbia,
89563,Florida,
89620,Florida,Alachua County
89677,Florida,Baker County
89734,Florida,Bay County
89791,Florida,Bradford County
89848,Florida,Brevard County
89905,Florida,Broward County
89962,Florida,Calhoun County
90018,Florida,Charlotte County
90075,Florida,Citrus County
90132,Florida,Clay County
90189,Florida,Collier County
90246,Florida,Columbia County
90303,Florida,DeSoto County
90360,Florida,Dixie County
90417,Florida,Duval County
90474,Florida,Escambia County
90531,Florida,Flagler County
90588,Florida,Franklin County
90645,Florida,Gadsden County
90702,Florida,Gilchrist County
90759,Florida,Glades County
90816,Florida,Gulf County
90873,Florida,Hamilton County
90930,Florida,Hardee County
90987,Florida,Hendry County
91044,Florida,Hernando County
91101,Florida,Highlands County
91158,Florida,Hillsborough County
91215,Florida,Holmes County
91272,Florida,Indian River County
91329,Florida,Jackson County
91386,Florida,Jefferson County
91443,Florida,Lafayette County
91479,Florida,Lake County
91536,Florida,Lee County
91593,Florida,Leon County
91650,Florida,Levy County
91707,Florida,Liberty County
91748,Florida,Madison County
91805,Florida,Manatee County
91862,Florida,Marion County
91919,Florida,Martin County
91976,Florida,Miami-Dade County
92033,Florida,Monroe County
92090,Florida,Nassau County
92147,Florida,Okaloosa County
92204,Florida,Okeechobee County
92261,Florida,Orange County
92318,Florida,Osceola County
92375,Florida,Palm Beach County
92432,Florida,Pasco County
92489,Florida,Pinellas County
92546,Florida,Polk County
92603,Florida,Putnam County
92660,Florida,Santa Rosa County
92717,Florida,Sarasota County
92774,Florida,Seminole County
92831,Florida,St. Johns County
92888,Florida,St. Lucie County
92945,Florida,Sumter County
93002,Florida,Suwannee County
93059,Florida,Taylor County
93116,Florida,Union County
93172,Florida,Volusia County
93229,Florida,Wakulla County
93286,Florida,Walton County
93343,Florida,Washington County
93400,Georgia,
93457,Georgia,Appling County
93514,Georgia,Atkinson County
93568,Georgia,Bacon County
93624,Georgia,Baldwin County
93681,Georgia,Banks County
93738,Georgia,Barrow County
93795,Georgia,Bartow County
93852,Georgia,Ben Hill County
93909,Georgia,Berrien County
93966,Georgia,Bibb County
94023,Georgia,Bleckley County
94079,Georgia,Brantley County
94136,Georgia,Brooks County
94193,Georgia,Bryan County
94250,Georgia,Bulloch County
94307,Georgia,Burke County
94364,Georgia,Butts County
94421,Georgia,Camden County
94478,Georgia,Candler County
94534,Georgia,Carroll County
94591,Georgia,Catoosa County
94648,Georgia,Charlton County
94704,Georgia,Chatham County
94761,Georgia,Chattahoochee County
94817,Georgia,Chattooga County
94874,Georgia,Cherokee County
94931,Georgia,Clarke County
94988,Georgia,Clayton County
95045,Georgia,Clinch County
95066,Georgia,Cobb County
95123,Georgia,Coffee County
95180,Georgia,Colquitt County
95237,Georgia,Columbia County
95294,Georgia,Cook County
95351,Georgia,Coweta County
95408,Georgia,Crawford County
95451,Georgia,Crisp County
95508,Georgia,Dade County
95565,Georgia,Dawson County
95622,Georgia,Decatur County
95679,Georgia,DeKalb County
95736,Georgia,Dodge County
95793,Georgia,Dooly County
95850,Georgia,Dougherty County
95907,Georgia,Douglas County
95964,Georgia,Early County
96020,Georgia,Effingham County
96077,Georgia,Elbert County
96134,Georgia,Emanuel County
96191,Georgia,Evans County
96247,Georgia,Fannin County
96304,Georgia,Fayette County
96361,Georgia,Floyd County
96418,Georgia,Forsyth County
96475,Georgia,Franklin County
96532,Georgia,Fulton County
96589,Georgia,Gilmer County
96646,Georgia,Glynn County
96703,Georgia,Gordon County
96760,Georgia,Grady County
96817,Georgia,Greene County
96874,Georgia,Gwinnett County
96931,Georgia,Habersham County
96988,Georgia,Hall County
97045,Georgia,Hancock County
97092,Georgia,Haralson County
97149,Georgia,Harris County
97206,Georgia,Hart County
97263,Georgia,Heard County
97319,Georgia,Henry County
97376,Georgia,Houston County
97433,Georgia,Irwin County
97489,Georgia,Jackson County
97546,Georgia,Jasper County
97603,Georgia,Jeff Davis County
97660,Georgia,Jefferson County
97717,Georgia,Jenkins County
97773,Georgia,Johnson County
97829,Georgia,Jones County
97886,Georgia,Lamar County
97943,Georgia,Lanier County
97990,Georgia,Laurens County
98047,Georgia,Lee County
98104,Georgia,Liberty County
98161,Georgia,Lincoln County
98201,Georgia,Long County
98258,Georgia,Lowndes County
98315,Georgia,Lumpkin County
98372,Georgia,Macon County
98428,Georgia,Madison County
98485,Georgia,Marion County
98538,Georgia,McDuffie County
98595,Georgia,McIntosh County
98652,Georgia,Meriwether County
98709,Georgia,Miller County
98737,Georgia,Mitchell County
98794,Georgia,Monroe County
98851,Georgia,Montgomery County
98899,Georgia,Morgan County
98956,Georgia,Murray County
99013,Georgia,Muscogee County
99070,Georgia,Newton County
99127,Georgia,Oconee County
99184,Georgia,Oglethorpe County
99236,Georgia,Paulding County
99293,Georgia,Peach County
99350,Georgia,Pickens County
99407,Georgia,Pierce County
99464,Georgia,Pike County
99521,Georgia,Polk County
99578,Georgia,Pulaski County
99634,Georgia,Putnam County
99691,Georgia,Rabun County
99748,Georgia,Randolph County
99772,Georgia,Richmond County
99829,Georgia,Rockdale County
99886,Georgia,Schley County
99897,Georgia,Screven County
99953,Georgia,Seminole County
100009,Georgia,Spalding County
100066,Georgia,Stephens County
100123,Georgia,Sumter County
100180,Georgia,Talbot County
100210,Georgia,Tattnall County
100267,Georgia,Taylor County
100319,Georgia,Telfair County
100375,Georgia,Terrell County
100431,Georgia,Thomas County
100488,Georgia,Tift County
100545,Georgia,Toombs County
100602,Georgia,Towns County
100659,Georgia,Treutlen County
100705,Georgia,Troup County
100762,Georgia,Turner County
100819,Georgia,Twiggs County
100859,Georgia,Union County
100916,Georgia,Upson County
100973,Georgia,Walker County
101030,Georgia,Walton County
101087,Georgia,Ware County
101144,Georgia,Warren County
101164,Georgia,Washington County
101221,Georgia,Wayne County
101278,Georgia,White County
101335,Georgia,Whitfield County
101392,Georgia,Wilcox County
101439,Georgia,Wilkes County
101495,Georgia,Wilkinson County
101551,Georgia,Worth County
101608,Hawaii,
101665,Hawaii,Hawaii County
101722,Hawaii,Honolulu County
101779,Hawaii,Kauai County
101836,Hawaii,Maui County
101893,Idaho,
101950,Idaho,Ada County
102007,Idaho,Bannock County
102064,Idaho,Bear Lake County
102080,Idaho,Benewah County
102135,Idaho,Bingham County
102192,Idaho,Blaine County
102249,Idaho,Boise County
102298,Idaho,Bonner County
102355,Idaho,Bonneville County
102412,Idaho,Boundary County
102465,Idaho,Canyon County
102522,Idaho,Caribou County
102566,Idaho,Cassia County
102623,Idaho,Clearwater County
102663,Idaho,Elmore County
102720,Idaho,Franklin County
102777,Idaho,Fremont County
102828,Idaho,Gem County
102885,Idaho,Gooding County
102942,Idaho,Idaho County
102999,Idaho,Jefferson County
103056,Idaho,Jerome County
103113,Idaho,Kootenai County
103170,Idaho,Latah County
103227,Idaho,Lemhi County
103275,Idaho,Lincoln County
103311,Idaho,Madison County
103368,Idaho,Minidoka County
103425,Idaho,Nez Perce County
103482,Idaho,Oneida County
103488,Idaho,Owyhee County
103545,Idaho,Payette County
103602,Idaho,Power County
103645,Idaho,Shoshone County
103702,Idaho,Teton County
103751,Idaho,Twin Falls County
103808,Idaho,Valley County
103865,Idaho,Washington County
103921,Illinois,
103978,Illinois,Adams County
104035,Illinois,Alexander County
104066,Illinois,Bond County
104123,Illinois,Boone County
104180,Illinois,Bureau County
104237,Illinois,Carroll County
104294,Illinois,Cass County
104351,Illinois,Champaign County
104408,Illinois,Christian County
104465,Illinois,Clark County
104522,Illinois,Clay County
104579,Illinois,Clinton County
104636,Illinois,Coles County
104693,Illinois,Cook County
104750,Illinois,Crawford County
104807,Illinois,Cumberland County
104864,Illinois,De Witt County
104921,Illinois,DeKalb County
104978,Illinois,Douglas County
105035,Illinois,DuPage County
105092,Illinois,Edgar County
105149,Illinois,Edwards County
105189,Illinois,Effingham County
105246,Illinois,Fayette County
105303,Illinois,Ford County
105360,Illinois,Franklin County
105417,Illinois,Fulton County
105474,Illinois,Gallatin County
105476,Illinois,Greene County
105531,Illinois,Grundy County
105588,Illinois,Hamilton County
105629,Illinois,Hancock County
105686,Illinois,Henderson County
105726,Illinois,Henry County
105783,Illinois,Iroquois County
105840,Illinois,Jackson County
105897,Illinois,Jasper County
105945,Illinois,Jefferson County
106002,Illinois,Jersey County
106059,Illinois,Jo Daviess County
106116,Illinois,Johnson County
106168,Illinois,Kane County
106225,Illinois,Kankakee County
106282,Illinois,Kendall County
106339,Illinois,Knox County
106396,Illinois,Lake County
106453,Illinois,LaSalle County
106510,Illinois,Lawrence County
106567,Illinois,Lee County
106624,Illinois,Livingston County
106681,Illinois,Logan County
106738,Illinois,Macon County
106795,Illinois,Macoupin County
106852,Illinois,Madison County
106909,Illinois,Marion County
106966,Illinois,Marshall County
107010,Illinois,Mason County
107067,Illinois,Massac County
107124,Illinois,McDonough County
107181,Illinois,McHenry County
107238,Illinois,McLean County
107295,Illinois,Menard County
107336,Illinois,Mercer County
107393,Illinois,Monroe County
107450,Illinois,Montgomery County
107507,Illinois,Morgan County
107564,Illinois,Moultrie County
107615,Illinois,Ogle County
107672,Illinois,Peoria County
107729,Illinois,Perry County
107786,Illinois,Piatt County
107840,Illinois,Pike County
107897,Illinois,Pulaski County
107930,Illinois,Putnam County
107948,Illinois,Randolph County
108005,Illinois,Richland County
108062,Illinois,Rock Island County
108119,Illinois,Saline County
108176,Illinois,Sangamon County
108233,Illinois,Schuyler County
108275,Illinois,Shelby County
108332,Illinois,St. Clair County
108389,Illinois,Stark County
108408,Illinois,Stephenson County
108465,Illinois,Tazewell County
108522,Illinois,Union County
108579,Illinois,Vermilion County
108636,Illinois,Wabash County
108693,Illinois,Warren County
108750,Illinois,Washington County
108807,Illinois,Wayne County
108864,Illinois,White County
108921,Illinois,Whiteside County
108978,Illinois,Will County
109035,Illinois,Williamson County
109092,Illinois,Winnebago County
109149,Illinois,Woodford County
109206,Indiana,
109263,Indiana,Adams County
109320,Indiana,Allen County
109377,Indiana,Bartholomew County
109434,Indiana,Benton County
109474,Indiana,Blackford County
109531,Indiana,Boone County
109588,Indiana,Brown County
109645,Indiana,Carroll County
109702,Indiana,Cass County
109759,Indiana,Clark County
109816,Indiana,Clay County
109873,Indiana,Clinton County
109930,Indiana,Crawford County
109987,Indiana,Daviess County
110044,Indiana,Dearborn County
110101,Indiana,Decatur County
110158,Indiana,DeKalb County
110215,Indiana,Delaware County
110272,Indiana,Dubois County
110329,Indiana,Elkhart County
110386,Indiana,Fayette County
110443,Indiana,Floyd County
110500,Indiana,Fountain County
110557,Indiana,Franklin County
110614,Indiana,Fulton County
110671,Indiana,Gibson County
110728,Indiana,Grant County
110785,Indiana,Greene County
110842,Indiana,Hamilton County
110899,Indiana,Hancock County
110956,Indiana,Harrison County
111013,Indiana,Hendricks County
111070,Indiana,Henry County
111127,Indiana,Howard County
111184,Indiana,Huntington County
111241,Indiana,Jackson County
111298,Indiana,Jasper County
111355,Indiana,Jay County
111412,Indiana,Jefferson County
111469,Indiana,Jennings County
111526,Indiana,Johnson County
111583,Indiana,Knox County
111640,Indiana,Kosciusko County
111697,Indiana,LaGrange County
111754,Indiana,Lake County
111811,Indiana,LaPorte County
111868,Indiana,Lawrence County
111925,Indiana,Madison County
111982,Indiana,Marion County
112039,Indiana,Marshall County
112096,Indiana,Martin County
112152,Indiana,Miami County
112209,Indiana,Monroe County
112266,Indiana,Montgomery County
112323,Indiana,Morgan County
112380,Indiana,Newton County
112437,Indiana,Noble County
112494,Indiana,Ohio County
112527,Indiana,Orange County
112584,Indiana,Owen County
112641,Indiana,Parke County
112697,Indiana,Perry County
112754,Indiana,Pike County
112802,Indiana,Porter County
112859,Indiana,Posey County
112916,Indiana,Pulaski County
112972,Indiana,Putnam County
113029,Indiana,Randolph County
113086,Indiana,Ripley County
113143,Indiana,Rush County
113200,Indiana,Scott County
113257,Indiana,Shelby County
113314,Indiana,Spencer County
113371,Indiana,St. Joseph County
113428,Indiana,Starke County
113485,Indiana,Steuben County
113542,Indiana,Sullivan County
113599,Indiana,Switzerland County
113650,Indiana,Tippecanoe County
113707,Indiana,Tipton County
113764,Indiana,Union County
113806,Indiana,Vanderburgh County
113863,Indiana,Vermillion County
113920,Indiana,Vigo County
113977,Indiana,Wabash County
114034,Indiana,Warren County
114074,Indiana,Warrick County
114131,Indiana,Washington County
114188,Indiana,Wayne County
114245,Indiana,Wells County
114302,Indiana,White County
114359,Indiana,Whitley County
114416,Iowa,
114473,Iowa,Adair County
114529,Iowa,Allamakee County
114585,Iowa,Appanoose County
114642,Iowa,Audubon County
114664,Iowa,Benton County
114721,Iowa,Black Hawk County
114778,Iowa,Boone County
114835,Iowa,Bremer County
114892,Iowa,Buchanan County
114949,Iowa,Buena Vista County
115006,Iowa,Butler County
115058,Iowa,Calhoun County
115098,Iowa,Carroll County
115155,Iowa,Cass County
115212,Iowa,Cedar County
115269,Iowa,Cerro Gordo County
115326,Iowa,Cherokee County
115382,Iowa,Chickasaw County
115438,Iowa,Clarke County
115495,Iowa,Clay County
115552,Iowa,Clayton County
115609,Iowa,Clinton County
115666,Iowa,Crawford County
115723,Iowa,Dallas County
115780,Iowa,Davis County
115820,Iowa,Decatur County
115854,Iowa,Delaware County
115911,Iowa,Des Moines County
115968,Iowa,Dickinson County
116025,Iowa,Dubuque County
116082,Iowa,Emmet County
116130,Iowa,Fayette County
116187,Iowa,Floyd County
116244,Iowa,Franklin County
116295,Iowa,Fremont County
116352,Iowa,Greene County
116401,Iowa,Grundy County
116453,Iowa,Guthrie County
116493,Iowa,Hamilton County
116550,Iowa,Hancock County
116606,Iowa,Hardin County
116663,Iowa,Harrison County
116720,Iowa,Henry County
116777,Iowa,Howard County
116825,Iowa,Humboldt County
116875,Iowa,Ida County
116915,Iowa,Iowa County
116972,Iowa,Jackson County
117029,Iowa,Jasper County
117086,Iowa,Jefferson County
117143,Iowa,Johnson County
117200,Iowa,Jones County
117257,Iowa,Keokuk County
117297,Iowa,Kossuth County
117354,Iowa,Lee County
117411,Iowa,Linn County
117468,Iowa,Louisa County
117508,Iowa,Lucas County
117556,Iowa,Lyon County
117596,Iowa,Madison County
117653,Iowa,Mahaska County
117710,Iowa,Marion County
117767,Iowa,Marshall County
117824,Iowa,Mills County
117880,Iowa,Mitchell County
117927,Iowa,Monona County
117975,Iowa,Monroe County
118018,Iowa,Montgomery County
118075,Iowa,Muscatine County
118132,Iowa,O'Brien County
118189,Iowa,Osceola County
118229,Iowa,Page County
118286,Iowa,Palo Alto County
118335,Iowa,Plymouth County
118392,Iowa,Pocahontas County
118432,Iowa,Polk County
118489,Iowa,Pottawattamie County
118546,Iowa,Poweshiek County
118603,Iowa,Sac County
118643,Iowa,Scott County
118700,Iowa,Shelby County
118751,Iowa,Sioux County
118808,Iowa,Story County
118865,Iowa,Tama County
118922,Iowa,Taylor County
118955,Iowa,Union County
119012,Iowa,Van Buren County
119052,Iowa,Wapello County
119109,Iowa,Warren County
119166,Iowa,Washington County
119223,Iowa,Wayne County
119248,Iowa,Webster County
119305,Iowa,Winnebago County
119361,Iowa,Winneshiek County
119418,Iowa,Woodbury County
119475,Iowa,Worth County
119524,Iowa,Wright County
119580,Kansas,
119637,Kansas,Allen County
119694,Kansas,Anderson County
119742,Kansas,Atchison County
119799,Kansas,Barton County
119856,Kansas,Bourbon County
119913,Kansas,Brown County
119969,Kansas,Butler County
120026,Kansas,Cherokee County
120083,Kansas,Clay County
120129,Kansas,Cloud County
120185,Kansas,Coffey County
120242,Kansas,Cowley County
120299,Kansas,Crawford County
120356,Kansas,Dickinson County
120413,Kansas,Doniphan County
120449,Kansas,Douglas County
120506,Kansas,Ellis County
120563,Kansas,Ellsworth County
120599,Kansas,Finney County
120656,Kansas,Ford County
120713,Kansas,Franklin County
120770,Kansas,Geary County
120827,Kansas,Grant County
120874,Kansas,Greenwood County
120914,Kansas,Harper County
120924,Kansas,Harvey County
120981,Kansas,Jackson County
121038,Kansas,Jefferson County
121095,Kansas,Johnson County
121152,Kansas,Kingman County
121195,Kansas,Labette County
121252,Kansas,Leavenworth County
121309,Kansas,Linn County
121349,Kansas,Lyon County
121406,Kansas,Marion County
121454,Kansas,Marshall County
121510,Kansas,McPherson County
121567,Kansas,Miami County
121624,Kansas,Mitchell County
121664,Kansas,Montgomery County
121721,Kansas,Morris County
121758,Kansas,Nemaha County
121798,Kansas,Neosho County
121855,Kansas,Osage County
121910,Kansas,Ottawa County
121950,Kansas,Pawnee County
121990,Kansas,Pottawatomie County
122047,Kansas,Pratt County
122103,Kansas,Reno County
122160,Kansas,Rice County
122209,Kansas,Riley County
122266,Kansas,Russell County
122322,Kansas,Saline County
122379,Kansas,Scott County
122398,Kansas,Sedgwick County
122455,Kansas,Seward County
122512,Kansas,Shawnee County
122569,Kansas,Sherman County
122621,Kansas,Stevens County
122625,Kansas,Sumner County
122682,Kansas,Thomas County
122738,Kansas,Trego County
122776,Kansas,Wabaunsee County
122816,Kansas,Washington County
122843,Kansas,Wilson County
122894,Kansas,Wyandotte County
122951,Kentucky,
123008,Kentucky,Adair County
123064,Kentucky,Allen County
123121,Kentucky,Anderson County
123178,Kentucky,Ballard County
123218,Kentucky,Barren County
123275,Kentucky,Bath County
123315,Kentucky,Bell County
123372,Kentucky,Boone County
123429,Kentucky,Bourbon County
123486,Kentucky,Boyd County
123543,Kentucky,Boyle County
123600,Kentucky,Bracken County
123640,Kentucky,Breathitt County
123696,Kentucky,Breckinridge County
123753,Kentucky,Bullitt County
123810,Kentucky,Butler County
123860,Kentucky,Caldwell County
123917,Kentucky,Calloway County
123974,Kentucky,Campbell County
124031,Kentucky,Carlisle County
124034,Kentucky,Carroll County
124091,Kentucky,Carter County
124148,Kentucky,Casey County
124204,Kentucky,Christian County
124261,Kentucky,Clark County
124318,Kentucky,Clay County
124374,Kentucky,Clinton County
124394,Kentucky,Crittenden County
124435,Kentucky,Daviess County
124492,Kentucky,Edmonson County
124532,Kentucky,Estill County
124588,Kentucky,Fayette County
124645,Kentucky,Fleming County
124693,Kentucky,Floyd County
124750,Kentucky,Franklin County
124807,Kentucky,Fulton County
124863,Kentucky,Gallatin County
124908,Kentucky,Garrard County
124965,Kentucky,Grant County
125022,Kentucky,Graves County
125079,Kentucky,Grayson County
125136,Kentucky,Green County
125175,Kentucky,Greenup County
125232,Kentucky,Hancock County
125272,Kentucky,Hardin County
125329,Kentucky,Harlan County
125386,Kentucky,Harrison County
125443,Kentucky,Hart County
125500,Kentucky,Henderson County
125557,Kentucky,Henry County
125614,Kentucky,Hopkins County
125671,Kentucky,Jackson County
125711,Kentucky,Jefferson County
125768,Kentucky,Jessamine County
125825,Kentucky,Johnson County
125881,Kentucky,Kenton County
125938,Kentucky,Knott County
125951,Kentucky,Knox County
126008,Kentucky,Larue County
126065,Kentucky,Laurel County
126122,Kentucky,Lawrence County
126178,Kentucky,Letcher County
126234,Kentucky,Lewis County
126274,Kentucky,Lincoln County
126331,Kentucky,Livingston County
126380,Kentucky,Logan County
126437,Kentucky,Lyon County
126491,Kentucky,Madison County
126548,Kentucky,Marion County
126605,Kentucky,Marshall County
126662,Kentucky,Mason County
126719,Kentucky,McCracken County
126776,Kentucky,McCreary County
126832,Kentucky,McLean County
126872,Kentucky,Meade County
126929,Kentucky,Menifee County
126937,Kentucky,Mercer County
126994,Kentucky,Metcalfe County
127035,Kentucky,Monroe County
127091,Kentucky,Montgomery County
127148,Kentucky,Morgan County
127188,Kentucky,Muhlenberg County
127245,Kentucky,Nelson County
127302,Kentucky,Nicholas County
127325,Kentucky,Ohio County
127382,Kentucky,Oldham County
127439,Kentucky,Owen County
127479,Kentucky,Pendleton County
127529,Kentucky,Perry County
127586,Kentucky,Pike County
127643,Kentucky,Powell County
127699,Kentucky,Pulaski County
127756,Kentucky,Rockcastle County
127813,Kentucky,Rowan County
127870,Kentucky,Russell County
127926,Kentucky,Scott County
127983,Kentucky,Shelby County
128040,Kentucky,Simpson County
128097,Kentucky,Spencer County
128154,Kentucky,Taylor County
128211,Kentucky,Todd County
128267,Kentucky,Trigg County
128323,Kentucky,Trimble County
128363,Kentucky,Union County
128419,Kentucky,Warren County
128476,Kentucky,Washington County
128532,Kentucky,Wayne County
128588,Kentucky,Webster County
128644,Kentucky,Whitley County
128701,Kentucky,Wolfe County
128702,Kentucky,Woodford County
128759,Louisiana,
128816,Louisiana,Acadia Parish
128873,Louisiana,Allen Parish
128930,Louisiana,Ascension Parish
128987,Louisiana,Assumption Parish
129044,Louisiana,Avoyelles Parish
129101,Louisiana,Beauregard Parish
129158,Louisiana,Bienville Parish
129214,Louisiana,Bossier Parish
129271,Louisiana,Caddo Parish
129328,Louisiana,Calcasieu Parish
129385,Louisiana,Caldwell Parish
129440,Louisiana,Cameron Parish
129496,Louisiana,Catahoula Parish
129548,Louisiana,Claiborne Parish
129596,Louisiana,Concordia Parish
129653,Louisiana,De Soto Parish
129710,Louisiana,East Baton Rouge Parish
129767,Louisiana,East Feliciana Parish
129823,Louisiana,Evangeline Parish
129880,Louisiana,Franklin Parish
129937,Louisiana,Grant Parish
129994,Louisiana,Iberia Parish
130051,Louisiana,Iberville Parish
130108,Louisiana,Jackson Parish
130164,Louisiana,Jefferson Davis Parish
130221,Louisiana,Jefferson Parish
130278,Louisiana,La Salle Parish
130334,Louisiana,Lafayette Parish
130391,Louisiana,Lafourche Parish
130448,Louisiana,Lincoln Parish
130505,Louisiana,Livingston Parish
130562,Louisiana,Madison Parish
130619,Louisiana,Morehouse Parish
130676,Louisiana,Natchitoches Parish
130733,Louisiana,Orleans Parish
130790,Louisiana,Ouachita Parish
130847,Louisiana,Plaquemines Parish
130904,Louisiana,Pointe Coupee Parish
130961,Louisiana,Rapides Parish
131018,Louisiana,Red River Parish
131044,Louisiana,Richland Parish
131101,Louisiana,Sabine Parish
131158,Louisiana,St. Bernard Parish
131215,Louisiana,St. Charles Parish
131272,Louisiana,St. Helena Parish
131313,Louisiana,St. James Parish
131370,Louisiana,St. John the Baptist Parish
131427,Louisiana,St. Landry Parish
131484,Louisiana,St. Martin Parish
131541,Louisiana,St. Mary Parish
131598,Louisiana,St. Tammany Parish
131655,Louisiana,Tangipahoa Parish
131712,Louisiana,Terrebonne Parish
131769,Louisiana,Union Parish
131826,Louisiana,Vermilion Parish
131883,Louisiana,Vernon Parish
131940,Louisiana,Washington Parish
131997,Louisiana,Webster Parish
132054,Louisiana,West Baton Rouge Parish
132111,Louisiana,West Carroll Parish
132167,Louisiana,West Feliciana Parish
132223,Louisiana,Winn Parish
132279,Maine,
132336,Maine,Androscoggin County
132393,Maine,Aroostook County
132450,Maine,Cumberland County
132507,Maine,Franklin County
132564,Maine,Hancock County
132621,Maine,Kennebec County
132678,Maine,Knox County
132735,Maine,Lincoln County
132792,Maine,Oxford County
132849,Maine,Penobscot County
132906,Maine,Piscataquis County
132963,Maine,Sagadahoc County
133020,Maine,Somerset County
133077,Maine,Waldo County
133134,Maine,Washington County
133191,Maine,York County
133248,Maryland,
133305,Maryland,Allegany County
133362,Maryland,Anne Arundel County
133419,Maryland,Baltimore
133476,Maryland,Baltimore County
133533,Maryland,Calvert County
133590,Maryland,Caroline County
133647,Maryland,Carroll County
133704,Maryland,Cecil County
133761,Maryland,Charles County
133818,Maryland,Dorchester County
133875,Maryland,Frederick County
133932,Maryland,Garrett County
133989,Maryland,Harford County
134046,Maryland,Howard County
134103,Maryland,Kent County
134160,Maryland,Montgomery County
134217,Maryland,Prince George's County
134274,Maryland,Queen Anne's County
134331,Maryland,Somerset County
134388,Maryland,St. Mary's County
134445,Maryland,Talbot County
134502,Maryland,Washington County
134559,Maryland,Wicomico County
134616,Maryland,Worcester County
134673,Massachusetts,
134730,Massachusetts,Barnstable County
134787,Massachusetts,Berkshire County
134844,Massachusetts,Bristol County
134901,Massachusetts,Dukes County
134958,Massachusetts,Essex County
135015,Massachusetts,Franklin County
135072,Massachusetts,Hampden County
135129,Massachusetts,Hampshire County
135186,Massachusetts,Middlesex County
135243,Massachusetts,Nantucket County
135300,Massachusetts,Norfolk County
135357,Massachusetts,Plymouth County
135414,Massachusetts,Suffolk County
135471,Massachusetts,Worcester County
135528,Michigan,
135585,Michigan,Alcona County
135625,Michigan,Alger County
135670,Michigan,Allegan County
135727,Michigan,Alpena County
135784,Michigan,Antrim County
135841,Michigan,Arenac County
135898,Michigan,Baraga County
135922,Michigan,Barry County
135979,Michigan,Bay County
136036,Michigan,Benzie County
136093,Michigan,Berrien County
136150,Michigan,Branch County
136207,Michigan,Calhoun County
136264,Michigan,Cass County
136321,Michigan,Charlevoix County
136378,Michigan,Cheboygan County
136435,Michigan,Chippewa County
136492,Michigan,Clare County
136549,Michigan,Clinton County
136606,Michigan,Crawford County
136663,Michigan,Delta County
136720,Michigan,Dickinson County
136777,Michigan,Eaton County
136834,Michigan,Emmet County
136891,Michigan,Genesee County
136948,Michigan,Gladwin County
137005,Michigan,Gogebic County
137062,Michigan,Grand Traverse County
137119,Michigan,Gratiot County
137176,Michigan,Hillsdale County
137233,Michigan,Houghton County
137290,Michigan,Huron County
137347,Michigan,Ingham County
137404,Michigan,Ionia County
137461,Michigan,Iosco County
137518,Michigan,Iron County
137574,Michigan,Isabella County
137631,Michigan,Jackson County
137688,Michigan,Kalamazoo County
137745,Michigan,Kalkaska County
137802,Michigan,Kent County
137859,Michigan,Lake County
137907,Michigan,Lapeer County
137964,Michigan,Leelanau County
138017,Michigan,Lenawee County
138074,Michigan,Livingston County
138131,Michigan,Luce County
138140,Michigan,Mackinac County
138194,Michigan,Macomb County
138251,Michigan,Manistee County
138308,Michigan,Marquette County
138365,Michigan,Mason County
138422,Michigan,Mecosta County
138479,Michigan,Menominee County
138536,Michigan,Midland County
138593,Michigan,Missaukee County
138644,Michigan,Monroe County
138701,Michigan,Montcalm County
138758,Michigan,Montmorency County
138814,Michigan,Muskegon County
138871,Michigan,Newaygo County
138928,Michigan,Oakland County
138985,Michigan,Oceana County
139042,Michigan,Ogemaw County
139099,Michigan,Ontonagon County
139101,Michigan,Osceola County
139158,Michigan,Oscoda County
139206,Michigan,Otsego County
139263,Michigan,Ottawa County
139320,Michigan,Presque Isle County
139369,Michigan,Roscommon County
139426,Michigan,Saginaw County
139483,Michigan,Sanilac County
139540,Michigan,Schoolcraft County
139577,Michigan,Shiawassee County
139634,Michigan,St. Clair County
139691,Michigan,St. Joseph County
139748,Michigan,Tuscola County
139805,Michigan,Van Buren County
139862,Michigan,Washtenaw County
139919,Michigan,Wayne County
139976,Michigan,Wexford County
140033,Minnesota,
140090,Minnesota,Aitkin County
140147,Minnesota,Anoka County
140204,Minnesota,Becker County
140261,Minnesota,Beltrami County
140318,Minnesota,Benton County
140375,Minnesota,Big Stone County
140381,Minnesota,Blue Earth County
140438,Minnesota,Brown County
140495,Minnesota,Carlton County
140552,Minnesota,Carver County
140609,Minnesota,Cass County
140666,Minnesota,Chippewa County
140723,Minnesota,Chisago County
140780,Minnesota,Clay County
140837,Minnesota,Clearwater County
140879,Minnesota,Cook County
140905,Minnesota,Cottonwood County
140961,Minnesota,Crow Wing County
141018,Minnesota,Dakota County
141075,Minnesota,Dodge County
141132,Minnesota,Douglas County
141189,Minnesota,Faribault County
141245,Minnesota,Fillmore County
141302,Minnesota,Freeborn County
141359,Minnesota,Goodhue County
141416,Minnesota,Grant County
141456,Minnesota,Hennepin County
141513,Minnesota,Houston County
141570,Minnesota,Hubbard County
141627,Minnesota,Isanti County
141684,Minnesota,Itasca County
141741,Minnesota,Jackson County
141781,Minnesota,Kanabec County
141838,Minnesota,Kandiyohi County
141895,Minnesota,Koochiching County
141952,Minnesota,Lac qui Parle County
141991,Minnesota,Lake County
142048,Minnesota,Lake of the Woods County
142051,Minnesota,Le Sueur County
142108,Minnesota,Lincoln County
142138,Minnesota,Lyon County
142195,Minnesota,Mahnomen County
142235,Minnesota,Marshall County
142275,Minnesota,Martin County
142332,Minnesota,McLeod County
142389,Minnesota,Meeker County
142446,Minnesota,Mille Lacs County
142503,Minnesota,Morrison County
142560,Minnesota,Mower County
142617,Minnesota,Murray County
142663,Minnesota,Nicollet County
142720,Minnesota,Nobles County
142777,Minnesota,Norman County
142817,Minnesota,Olmsted County
142874,Minnesota,Otter Tail County
142931,Minnesota,Pennington County
142987,Minnesota,Pine County
143044,Minnesota,Pipestone County
143096,Minnesota,Polk County
143153,Minnesota,Pope County
143201,Minnesota,Ramsey County
143258,Minnesota,Red Lake County
143264,Minnesota,Redwood County
143321,Minnesota,Renville County
143373,Minnesota,Rice County
143430,Minnesota,Rock County
143486,Minnesota,Roseau County
143543,Minnesota,Scott County
143600,Minnesota,Sherburne County
143657,Minnesota,Sibley County
143702,Minnesota,St. Louis County
143759,Minnesota,Stearns County
143816,Minnesota,Steele County
143873,Minnesota,Stevens County
143925,Minnesota,Swift County
143973,Minnesota,Todd County
144030,Minnesota,Wabasha County
144087,Minnesota,Wadena County
144143,Minnesota,Waseca County
144200,Minnesota,Washington County
144257,Minnesota,Watonwan County
144309,Minnesota,Wilkin County
144349,Minnesota,Winona County
144406,Minnesota,Wright County
144463,Minnesota,Yellow Medicine County
144503,Mississippi,
144560,Mississippi,Adams County
144617,Mississippi,Alcorn County
144674,Mississippi,Amite County
144716,Mississippi,Attala County
144772,Mississippi,Benton County
144812,Mississippi,Bolivar County
144869,Mississippi,Calhoun County
144925,Mississippi,Carroll County
144956,Mississippi,Chickasaw County
145013,Mississippi,Claiborne County
145057,Mississippi,Clarke County
145113,Mississippi,Clay County
145170,Mississippi,Coahoma County
145227,Mississippi,Copiah County
145284,Mississippi,Covington County
145341,Mississippi,DeSoto County
145398,Mississippi,Forrest County
145455,Mississippi,George County
145512,Mississippi,Greene County
145568,Mississippi,Grenada County
145625,Mississippi,Hancock County
145682,Mississippi,Harrison County
145739,Mississippi,Hinds County
145796,Mississippi,Holmes County
145849,Mississippi,Humphreys County
145889,Mississippi,Itawamba County
145946,Mississippi,Jackson County
146003,Mississippi,Jasper County
146059,Mississippi,Jefferson County
146061,Mississippi,Jefferson Davis County
146111,Mississippi,Jones County
146168,Mississippi,Kemper County
146204,Mississippi,Lafayette County
146261,Mississippi,Lamar County
146318,Mississippi,Lauderdale County
146375,Mississippi,Lawrence County
146431,Mississippi,Leake County
146488,Mississippi,Lee County
146545,Mississippi,Leflore County
146602,Mississippi,Lincoln County
146659,Mississippi,Lowndes County
146716,Mississippi,Madison County
146773,Mississippi,Marion County
146830,Mississippi,Marshall County
146887,Mississippi,Monroe County
146944,Mississippi,Montgomery County
147001,Mississippi,Neshoba County
147058,Mississippi,Newton County
147115,Mississippi,Noxubee County
147171,Mississippi,Oktibbeha County
147228,Mississippi,Panola County
147285,Mississippi,Pearl River County
147342,Mississippi,Perry County
147399,Mississippi,Pike County
147456,Mississippi,Pontotoc County
147513,Mississippi,Prentiss County
147570,Mississippi,Quitman County
147594,Mississippi,Rankin County
147651,Mississippi,Scott County
147708,Mississippi,Simpson County
147765,Mississippi,Smith County
147819,Mississippi,Stone County
147876,Mississippi,Sunflower County
147933,Mississippi,Tallahatchie County
147973,Mississippi,Tate County
148030,Mississippi,Tippah County
148087,Mississippi,Tishomingo County
148144,Mississippi,Tunica County
148201,Mississippi,Union County
148258,Mississippi,Walthall County
148313,Mississippi,Warren County
148370,Mississippi,Washington County
148427,Mississippi,Wayne County
148484,Mississippi,Webster County
148535,Mississippi,Wilkinson County
148578,Mississippi,Winston County
148635,Mississippi,Yalobusha County
148691,Mississippi,Yazoo County
148748,Missouri,
148805,Missouri,Adair County
148862,Missouri,Andrew County
148914,Missouri,Audrain County
148971,Missouri,Barry County
149028,Missouri,Barton County
149084,Missouri,Bates County
149141,Missouri,Benton County
149198,Missouri,Bollinger County
149242,Missouri,Boone County
149299,Missouri,Buchanan County
149356,Missouri,Butler County
149413,Missouri,Caldwell County
149453,Missouri,Callaway County
149510,Missouri,Camden County
149567,Missouri,Cape Girardeau County
149624,Missouri,Carroll County
149664,Missouri,Cass County
149721,Missouri,Cedar County
149778,Missouri,Chariton County
149794,Missouri,Christian County
149851,Missouri,Clark County
149904,Missouri,Clay County
149961,Missouri,Clinton County
150018,Missouri,Cole County
150075,Missouri,Cooper County
150132,Missouri,Crawford County
150189,Missouri,Dade County
150227,Missouri,Dallas County
150284,Missouri,Daviess County
150324,Missouri,DeKalb County
150380,Missouri,Dent County
150436,Missouri,Douglas County
150492,Missouri,Dunklin County
150549,Missouri,Franklin County
150606,Missouri,Gasconade County
150663,Missouri,Gentry County
150666,Missouri,Greene County
150723,Missouri,Grundy County
150774,Missouri,Harrison County
150831,Missouri,Henry County
150888,Missouri,Hickory County
150928,Missouri,Howard County
150968,Missouri,Howell County
151025,Missouri,Iron County
151082,Missouri,Jackson County
151139,Missouri,Jasper County
151196,Missouri,Jefferson County
151253,Missouri,Johnson County
151310,Missouri,Laclede County
151367,Missouri,Lafayette County
151424,Missouri,Lawrence County
151481,Missouri,Lewis County
151521,Missouri,Lincoln County
151578,Missouri,Linn County
151634,Missouri,Livingston County
151691,Missouri,Macon County
151748,Missouri,Madison County
151804,Missouri,Maries County
151840,Missouri,Marion County
151897,Missouri,McDonald County
151954,Missouri,Miller County
152011,Missouri,Mississippi County
152068,Missouri,Moniteau County
152124,Missouri,Monroe County
152165,Missouri,Montgomery County
152220,Missouri,Morgan County
152277,Missouri,New Madrid County
152334,Missouri,Newton County
152391,Missouri,Nodaway County
152448,Missouri,Oregon County
152504,Missouri,Osage County
152556,Missouri,Ozark County
152592,Missouri,Pemiscot County
152649,Missouri,Perry County
152706,Missouri,Pettis County
152763,Missouri,Phelps County
152820,Missouri,Pike County
152877,Missouri,Platte County
152934,Missouri,Polk County
152991,Missouri,Pulaski County
153048,Missouri,Putnam County
153050,Missouri,Ralls County
153098,Missouri,Randolph County
153155,Missouri,Ray County
153212,Missouri,Ripley County
153268,Missouri,Saline County
153325,Missouri,Schuyler County
153329,Missouri,Scott County
153386,Missouri,Shannon County
153418,Missouri,Shelby County
153426,Missouri,St. Charles County
153483,Missouri,St. Clair County
153532,Missouri,St. Francois County
153589,Missouri,St. Louis
153646,Missouri,St. Louis County
153703,Missouri,Ste. Genevieve County
153760,Missouri,Stoddard County
153817,Missouri,Stone County
153874,Missouri,Sullivan County
153910,Missouri,Taney County
153967,Missouri,Texas County
154024,Missouri,Vernon County
154081,Missouri,Warren County
154138,Missouri,Washington County
154195,Missouri,Wayne County
154251,Missouri,Webster County
154308,Missouri,Wright County
154365,Montana,
154422,Montana,Beaverhead County
154478,Montana,Big Horn County
154535,Montana,Blaine County
154555,Montana,Broadwater County
154611,Montana,Carbon County
154666,Montana,Cascade County
154723,Montana,Custer County
154780,Montana,Dawson County
154834,Montana,Deer Lodge County
154884,Montana,Fergus County
154940,Montana,Flathead County
154997,Montana,Gallatin County
155054,Montana,Glacier County
155110,Montana,Hill County
155167,Montana,Jefferson County
155214,Montana,Lake County
155271,Montana,Lewis and Clark County
155328,Montana,Lincoln County
155385,Montana,Madison County
155442,Montana,Mineral County
155455,Montana,Missoula County
155512,Montana,Park County
155569,Montana,Pondera County
155573,Montana,Powell County
155588,Montana,Ravalli County
155645,Montana,Richland County
155702,Montana,Roosevelt County
155743,Montana,Rosebud County
155783,Montana,Sanders County
155833,Montana,Silver Bow County
155890,Montana,Stillwater County
155942,Montana,Teton County
155949,Montana,Valley County
155999,Montana,Yellowstone County
156056,Nebraska,
156113,Nebraska,Adams County
156170,Nebraska,Antelope County
156172,Nebraska,Box Butte County
156229,Nebraska,Buffalo County
156286,Nebraska,Burt County
156326,Nebraska,Butler County
156370,Nebraska,Cass County
156427,Nebraska,Cedar County
156467,Nebraska,Cherry County
156477,Nebraska,Cheyenne County
156534,Nebraska,Clay County
156574,Nebraska,Colfax County
156631,Nebraska,Cuming County
156679,Nebraska,Custer County
156734,Nebraska,Dakota County
156791,Nebraska,Dawes County
156847,Nebraska,Dawson County
156904,Nebraska,Deuel County
156961,Nebraska,Dixon County
156999,Nebraska,Dodge County
157056,Nebraska,Douglas County
157113,Nebraska,Fillmore County
157153,Nebraska,Gage County
157210,Nebraska,Hall County
157267,Nebraska,Hamilton County
157324,Nebraska,Holt County
157379,Nebraska,Howard County
157419,Nebraska,Jefferson County
157475,Nebraska,Johnson County
157476,Nebraska,Kearney County
157516,Nebraska,Keith County
157573,Nebraska,Kimball County
157577,Nebraska,Knox County
157617,Nebraska,Lancaster County
157674,Nebraska,Lincoln County
157731,Nebraska,Madison County
157788,Nebraska,Merrick County
157836,Nebraska,Morrill County
157851,Nebraska,Nemaha County
157888,Nebraska,Otoe County
157945,Nebraska,Phelps County
157996,Nebraska,Pierce County
158036,Nebraska,Platte County
158093,Nebraska,Polk County
158118,Nebraska,Red Willow County
158175,Nebraska,Richardson County
158215,Nebraska,Saline County
158272,Nebraska,Sarpy County
158329,Nebraska,Saunders County
158386,Nebraska,Scotts Bluff County
158443,Nebraska,Seward County
158500,Nebraska,Stanton County
158540,Nebraska,Thayer County
158548,Nebraska,Thurston County
158583,Nebraska,Washington County
158640,Nebraska,Wayne County
158688,Nebraska,York County
158745,Nevada,
158802,Nevada,Carson City
158859,Nevada,Churchill County
158916,Nevada,Clark County
158973,Nevada,Douglas County
159030,Nevada,Elko County
159087,Nevada,Humboldt County
159144,Nevada,Lander County
159189,Nevada,Lyon County
159246,Nevada,Mineral County
159258,Nevada,Nye County
159315,Nevada,Pershing County
159366,Nevada,Storey County
159394,Nevada,Washoe County
159451,Nevada,White Pine County
159508,New Hampshire,
159565,New Hampshire,Belknap County
159622,New Hampshire,Carroll County
159679,New Hampshire,Cheshire County
159736,New Hampshire,Coos County
159793,New Hampshire,Grafton County
159850,New Hampshire,Hillsborough County
159907,New Hampshire,Merrimack County
159964,New Hampshire,Rockingham County
160021,New Hampshire,Strafford County
160078,New Hampshire,Sullivan County
160135,New Jersey,
160192,New Jersey,Atlantic County
160249,New Jersey,Bergen County
160306,New Jersey,Burlington County
160363,New Jersey,Camden County
160420,New Jersey,Cape May County
160477,New Jersey,Cumberland County
160534,New Jersey,Essex County
160591,New Jersey,Gloucester County
160648,New Jersey,Hudson County
160705,New Jersey,Hunterdon County
160762,New Jersey,Mercer County
160819,New Jersey,Middlesex County
160876,New Jersey,Monmouth County
160933,New Jersey,Morris County
160990,New Jersey,Ocean County
161047,New Jersey,Passaic County
161104,New Jersey,Salem County
161161,New Jersey,Somerset County
161218,New Jersey,Sussex County
161275,New Jersey,Union County
161332,New Jersey,Warren County
161389,New Mexico,
161446,New Mexico,Bernalillo County
161503,New Mexico,Chaves County
161560,New Mexico,Cibola County
161617,New Mexico,Colfax County
161674,New Mexico,Curry County
161731,New Mexico,Doa Ana County
161788,New Mexico,Eddy County
161845,New Mexico,Grant County
161902,New Mexico,Guadalupe County
161959,New Mexico,Hidalgo County
162016,New Mexico,Lea County
162073,New Mexico,Lincoln County
162130,New Mexico,Los Alamos County
162187,New Mexico,Luna County
162244,New Mexico,McKinley County
162301,New Mexico,Otero County
162358,New Mexico,Quay County
162415,New Mexico,Rio Arriba County
162472,New Mexico,Roosevelt County
162529,New Mexico,San Juan County
162586,New Mexico,San Miguel County
162643,New Mexico,Sandoval County
162700,New Mexico,Santa Fe County
162757,New Mexico,Sierra County
162814,New Mexico,Socorro County
162871,New Mexico,Taos County
162928,New Mexico,Torrance County
162985,New Mexico,Union County
163018,New Mexico,Valencia County
163075,New York,
163132,New York,Albany County
163189,New York,Allegany County
163246,New York,Bronx County
163303,New York,Broome County
163360,New York,Cattaraugus County
163417,New York,Cayuga County
163474,New York,Chautauqua County
163531,New York,Chemung County
163588,New York,Chenango County
163645,New York,Clinton County
163702,New York,Columbia County
163759,New York,Cortland County
163816,New York,Delaware County
163873,New York,Dutchess County
163930,New York,Erie County
163987,New York,Essex County
164044,New York,Franklin County
164101,New York,Fulton County
164158,New York,Genesee County
164215,New York,Greene County
164272,New York,Herkimer County
164329,New York,Jefferson County
164386,New York,Kings County
164443,New York,Lewis County
164500,New York,Livingston County
164557,New York,Madison County
164614,New York,Monroe County
164671,New York,Montgomery County
164728,New York,Nassau County
164785,New York,New York County
164842,New York,Niagara County
164899,New York,Oneida County
164956,New York,Onondaga County
165013,New York,Ontario County
165070,New York,Orange County
165127,New York,Orleans County
165184,New York,Oswego County
165241,New York,Otsego County
165298,New York,Putnam County
165355,New York,Queens County
165412,New York,Rensselaer County
165469,New York,Richmond County
165526,New York,Rockland County
165583,New York,Saratoga County
165640,New York,Schenectady County
165697,New York,Schoharie County
165754,New York,Schuyler County
165811,New York,Seneca County
165868,New York,St. Lawrence County
165925,New York,Steuben County
165982,New York,Suffolk County
166039,New York,Sullivan County
166096,New York,Tioga County
166153,New York,Tompkins County
166210,New York,Ulster County
166267,New York,Warren County
166324,New York,Washington County
166381,New York,Wayne County
166438,New York,Westchester County
166495,New York,Wyoming County
166552,New York,Yates County
166609,North Carolina,
166666,North Carolina,Alamance County
166723,North Carolina,Alexander County
166780,North Carolina,Alleghany County
166828,North Carolina,Anson County
166885,North Carolina,Ashe County
166942,North Carolina,Avery County
166999,North Carolina,Beaufort County
167056,North Carolina,Bertie County
167113,North Carolina,Bladen County
167170,North Carolina,Brunswick County
167227,North Carolina,Buncombe County
167284,North Carolina,Burke County
167341,North Carolina,Cabarrus County
167398,North Carolina,Caldwell County
167455,North Carolina,Camden County
167495,North Carolina,Carteret County
167552,North Carolina,Caswell County
167609,North Carolina,Catawba County
167666,North Carolina,Chatham County
167723,North Carolina,Cherokee County
167780,North Carolina,Chowan County
167837,North Carolina,Clay County
167894,North Carolina,Cleveland County
167951,North Carolina,Columbus County
168008,North Carolina,Craven County
168065,North Carolina,Cumberland County
168122,North Carolina,Currituck County
168179,North Carolina,Dare County
168236,North Carolina,Davidson County
168293,North Carolina,Davie County
168350,North Carolina,Duplin County
168407,North Carolina,Durham County
168464,North Carolina,Edgecombe County
168521,North Carolina,Forsyth County
168578,North Carolina,Franklin County
168635,North Carolina,Gaston County
168692,North Carolina,Gates County
168732,North Carolina,Graham County
168766,North Carolina,Granville County
168823,North Carolina,Greene County
168880,North Carolina,Guilford County
168937,North Carolina,Halifax County
168994,North Carolina,Harnett County
169051,North Carolina,Haywood County
169108,North Carolina,Henderson County
169165,North Carolina,Hertford County
169222,North Carolina,Hoke County
169279,North Carolina,Iredell County
169336,North Carolina,Jackson County
169393,North Carolina,Johnston County
169450,North Carolina,Jones County
169506,North Carolina,Lee County
169563,North Carolina,Lenoir County
169620,North Carolina,Lincoln County
169677,North Carolina,Macon County
169734,North Carolina,Madison County
169791,North Carolina,Martin County
169848,North Carolina,McDowell County
169905,North Carolina,Mecklenburg County
169962,North Carolina,Mitchell County
170019,North Carolina,Montgomery County
170076,North Carolina,Moore County
170133,North Carolina,Nash County
170190,North Carolina,New Hanover County
170247,North Carolina,Northampton County
170304,North Carolina,Onslow County
170361,North Carolina,Orange County
170418,North Carolina,Pamlico County
170474,North Carolina,Pasquotank County
170531,North Carolina,Pender County
170588,North Carolina,Perquimans County
170644,North Carolina,Person County
170701,North Carolina,Pitt County
170758,North Carolina,Polk County
170815,North Carolina,Randolph County
170872,North Carolina,Richmond County
170929,North Carolina,Robeson County
170986,North Carolina,Rockingham County
171043,North Carolina,Rowan County
171100,North Carolina,Rutherford County
171157,North Carolina,Sampson County
171214,North Carolina,Scotland County
171271,North Carolina,Stanly County
171328,North Carolina,Stokes County
171385,North Carolina,Surry County
171442,North Carolina,Swain County
171499,North Carolina,Transylvania County
171556,North Carolina,Union County
171613,North Carolina,Vance County
171670,North Carolina,Wake County
171727,North Carolina,Warren County
171784,North Carolina,Washington County
171840,North Carolina,Watauga County
171897,North Carolina,Wayne County
171954,North Carolina,Wilkes County
172011,North Carolina,Wilson County
172068,North Carolina,Yadkin County
172125,North Carolina,Yancey County
172182,North Dakota,
172239,North Dakota,Barnes County
172293,North Dakota,Bottineau County
172336,North Dakota,Burleigh County
172393,North Dakota,Cass County
172450,North Dakota,Dunn County
172503,North Dakota,Grand Forks County
172560,North Dakota,McKenzie County
172617,North Dakota,McLean County
172658,North Dakota,Mercer County
172698,North Dakota,Morton County
172755,North Dakota,Mountrail County
172812,North Dakota,Pembina County
172848,North Dakota,Ramsey County
172904,North Dakota,Ransom County
172929,North Dakota,Richland County
172986,North Dakota,Rolette County
173026,North Dakota,Sargent County
173030,North Dakota,Stark County
173087,North Dakota,Stutsman County
173144,North Dakota,Traill County
173184,North Dakota,Walsh County
173230,North Dakota,Ward County
173287,North Dakota,Williams County
173344,Ohio,
173401,Ohio,Adams County
173458,Ohio,Allen County
173515,Ohio,Ashland County
173572,Ohio,Ashtabula County
173629,Ohio,Athens County
173686,Ohio,Auglaize County
173743,Ohio,Belmont County
173800,Ohio,Brown County
173857,Ohio,Butler County
173914,Ohio,Carroll County
173971,Ohio,Champaign County
174028,Ohio,Clark County
174085,Ohio,Clermont County
174142,Ohio,Clinton County
174199,Ohio,Columbiana County
174256,Ohio,Coshocton County
174313,Ohio,Crawford County
174370,Ohio,Cuyahoga County
174427,Ohio,Darke County
174484,Ohio,Defiance County
174541,Ohio,Delaware County
174598,Ohio,Erie County
174655,Ohio,Fairfield County
174712,Ohio,Fayette County
174769,Ohio,Franklin County
174826,Ohio,Fulton County
174883,Ohio,Gallia County
174940,Ohio,Geauga County
174997,Ohio,Greene County
175054,Ohio,Guernsey County
175111,Ohio,Hamilton County
175168,Ohio,Hancock County
175225,Ohio,Hardin County
175282,Ohio,Harrison County
175339,Ohio,Henry County
175396,Ohio,Highland County
175453,Ohio,Hocking County
175510,Ohio,Holmes County
175567,Ohio,Huron County
175624,Ohio,Jackson County
175681,Ohio,Jefferson County
175738,Ohio,Knox County
175795,Ohio,Lake County
175852,Ohio,Lawrence County
175909,Ohio,Licking County
175966,Ohio,Logan County
176023,Ohio,Lorain County
176080,Ohio,Lucas County
176137,Ohio,Madison County
176194,Ohio,Mahoning County
176251,Ohio,Marion County
176308,Ohio,Medina County
176365,Ohio,Meigs County
176422,Ohio,Mercer County
176479,Ohio,Miami County
176536,Ohio,Monroe County
176587,Ohio,Montgomery County
176644,Ohio,Morgan County
176693,Ohio,Morrow County
176750,Ohio,Muskingum County
176807,Ohio,Noble County
176854,Ohio,Ottawa County
176911,Ohio,Paulding County
176968,Ohio,Perry County
177025,Ohio,Pickaway County
177082,Ohio,Pike County
177139,Ohio,Portage County
177196,Ohio,Preble County
177253,Ohio,Putnam County
177310,Ohio,Richland County
177367,Ohio,Ross County
177424,Ohio,Sandusky County
177481,Ohio,Scioto County
177538,Ohio,Seneca County
177595,Ohio,Shelby County
177652,Ohio,Stark County
177709,Ohio,Summit County
177766,Ohio,Trumbull County
177823,Ohio,Tuscarawas County
177880,Ohio,Union County
177937,Ohio,Van Wert County
177994,Ohio,Vinton County
178049,Ohio,Warren County
178106,Ohio,Washington County
178163,Ohio,Wayne County
178220,Ohio,Williams County
178277,Ohio,Wood County
178334,Ohio,Wyandot County
178391,Oklahoma,
178448,Oklahoma,Adair County
178505,Oklahoma,Atoka County
178562,Oklahoma,Beckham County
178619,Oklahoma,Blaine County
178675,Oklahoma,Bryan County
178732,Oklahoma,Caddo County
178789,Oklahoma,Canadian County
178846,Oklahoma,Carter County
178903,Oklahoma,Cherokee County
178960,Oklahoma,Choctaw County
179017,Oklahoma,Cleveland County
179074,Oklahoma,Coal County
179081,Oklahoma,Comanche County
179138,Oklahoma,Cotton County
179193,Oklahoma,Craig County
179250,Oklahoma,Creek County
179307,Oklahoma,Custer County
179364,Oklahoma,Delaware County
179421,Oklahoma,Garfield County
179478,Oklahoma,Garvin County
179535,Oklahoma,Grady County
179592,Oklahoma,Greer County
179606,Oklahoma,Haskell County
179662,Oklahoma,Hughes County
179719,Oklahoma,Jackson County
179776,Oklahoma,Jefferson County
179821,Oklahoma,Johnston County
179877,Oklahoma,Kay County
179934,Oklahoma,Kingfisher County
179991,Oklahoma,Kiowa County
180047,Oklahoma,Latimer County
180103,Oklahoma,Le Flore County
180160,Oklahoma,Lincoln County
180217,Oklahoma,Logan County
180274,Oklahoma,Love County
180331,Oklahoma,Major County
180367,Oklahoma,Marshall County
180424,Oklahoma,Mayes County
180481,Oklahoma,McClain County
180538,Oklahoma,McCurtain County
180595,Oklahoma,McIntosh County
180652,Oklahoma,Murray County
180709,Oklahoma,Muskogee County
180766,Oklahoma,Noble County
180822,Oklahoma,Nowata County
180878,Oklahoma,Okfuskee County
180933,Oklahoma,Oklahoma County
180990,Oklahoma,Okmulgee County
181047,Oklahoma,Osage County
181104,Oklahoma,Ottawa County
181161,Oklahoma,Pawnee County
181218,Oklahoma,Payne County
181275,Oklahoma,Pittsburg County
181332,Oklahoma,Pontotoc County
181389,Oklahoma,Pottawatomie County
181446,Oklahoma,Pushmataha County
181502,Oklahoma,Rogers County
181559,Oklahoma,Seminole County
181616,Oklahoma,Sequoyah County
181673,Oklahoma,Stephens County
181730,Oklahoma,Texas County
181787,Oklahoma,Tillman County
181827,Oklahoma,Tulsa County
181884,Oklahoma,Wagoner County
181941,Oklahoma,Washington County
181998,Oklahoma,Washita County
182038,Oklahoma,Woods County
182094,Oklahoma,Woodward County
182151,Oregon,
182208,Oregon,Baker County
182265,Oregon,Benton County
182322,Oregon,Clackamas County
182379,Oregon,Clatsop County
182436,Oregon,Columbia County
182493,Oregon,Coos County
182550,Oregon,Crook County
182607,Oregon,Curry County
182664,Oregon,Deschutes County
182721,Oregon,Douglas County
182778,Oregon,Grant County
182819,Oregon,Harney County
182871,Oregon,Hood River County
182928,Oregon,Jackson County
182985,Oregon,Jefferson County
183042,Oregon,Josephine County
183099,Oregon,Klamath County
183156,Oregon,Lake County
183203,Oregon,Lane County
183260,Oregon,Lincoln County
183317,Oregon,Linn County
183374,Oregon,Malheur County
183431,Oregon,Marion County
183488,Oregon,Morrow County
183545,Oregon,Multnomah County
183602,Oregon,Polk County
183659,Oregon,Sherman County
183716,Oregon,Tillamook County
183773,Oregon,Umatilla County
183830,Oregon,Union County
183887,Oregon,Wallowa County
183926,Oregon,Wasco County
183983,Oregon,Washington County
184040,Oregon,Yamhill County
184097,Pennsylvania,
184154,Pennsylvania,Adams County
184211,Pennsylvania,Allegheny County
184268,Pennsylvania,Armstrong County
184325,Pennsylvania,Beaver County
184382,Pennsylvania,Bedford County
184439,Pennsylvania,Berks County
184496,Pennsylvania,Blair County
184553,Pennsylvania,Bradford County
184610,Pennsylvania,Bucks County
184667,Pennsylvania,Butler County
184724,Pennsylvania,Cambria County
184781,Pennsylvania,Carbon County
184838,Pennsylvania,Centre County
184895,Pennsylvania,Chester County
184952,Pennsylvania,Clarion County
185009,Pennsylvania,Clearfield County
185066,Pennsylvania,Clinton County
185123,Pennsylvania,Columbia County
185180,Pennsylvania,Crawford County
185237,Pennsylvania,Cumberland County
185294,Pennsylvania,Dauphin County
185351,Pennsylvania,Delaware County
185408,Pennsylvania,Elk County
185465,Pennsylvania,Erie County
185522,Pennsylvania,Fayette County
185579,Pennsylvania,Franklin County
185636,Pennsylvania,Fulton County
185693,Pennsylvania,Greene County
185750,Pennsylvania,Huntingdon County
185807,Pennsylvania,Indiana County
185864,Pennsylvania,Jefferson County
185921,Pennsylvania,Juniata County
185978,Pennsylvania,Lackawanna County
186035,Pennsylvania,Lancaster County
186092,Pennsylvania,Lawrence County
186149,Pennsylvania,Lebanon County
186206,Pennsylvania,Lehigh County
186263,Pennsylvania,Luzerne County
186320,Pennsylvania,Lycoming County
186377,Pennsylvania,McKean County
186434,Pennsylvania,Mercer County
186491,Pennsylvania,Mifflin County
186548,Pennsylvania,Monroe County
186605,Pennsylvania,Montgomery County
186662,Pennsylvania,Montour County
186719,Pennsylvania,Northampton County
186776,Pennsylvania,Northumberland County
186833,Pennsylvania,Perry County
186890,Pennsylvania,Philadelphia County
186947,Pennsylvania,Pike County
187004,Pennsylvania,Potter County
187061,Pennsylvania,Schuylkill County
187118,Pennsylvania,Snyder County
187175,Pennsylvania,Somerset County
187232,Pennsylvania,Sullivan County
187253,Pennsylvania,Susquehanna County
187310,Pennsylvania,Tioga County
187367,Pennsylvania,Union County
187424,Pennsylvania,Venango County
187481,Pennsylvania,Warren County
187538,Pennsylvania,Washington County
187595,Pennsylvania,Wayne County
187652,Pennsylvania,Westmoreland County
187709,Pennsylvania,Wyoming County
187766,Pennsylvania,York County
187823,Rhode Island,
187880,Rhode Island,Bristol County
187937,Rhode Island,Kent County
187994,Rhode Island,Newport County
188051,Rhode Island,Providence County
188108,Rhode Island,Washington County
188165,South Carolina,
188222,South Carolina,Abbeville County
188279,South Carolina,Aiken County
188336,South Carolina,Allendale County
188372,South Carolina,Anderson County
188429,South Carolina,Bamberg County
188486,South Carolina,Barnwell County
188543,South Carolina,Beaufort County
188600,South Carolina,Berkeley County
188657,South Carolina,Calhoun County
188714,South Carolina,Charleston County
188771,South Carolina,Cherokee County
188828,South Carolina,Chester County
188885,South Carolina,Chesterfield County
188942,South Carolina,Clarendon County
188999,South Carolina,Colleton County
189056,South Carolina,Darlington County
189113,South Carolina,Dillon County
189170,South Carolina,Dorchester County
189227,South Carolina,Edgefield County
189284,South Carolina,Fairfield County
189341,South Carolina,Florence County
189398,South Carolina,Georgetown County
189455,South Carolina,Greenville County
189512,South Carolina,Greenwood County
189569,South Carolina,Hampton County
189626,South Carolina,Horry County
189683,South Carolina,Jasper County
189740,South Carolina,Kershaw County
189797,South Carolina,Lancaster County
189854,South Carolina,Laurens County
189911,South Carolina,Lee County
189968,South Carolina,Lexington County
190025,South Carolina,Marion County
190082,South Carolina,Marlboro County
190139,South Carolina,McCormick County
190189,South Carolina,Newberry County
190246,South Carolina,Oconee County
190303,South Carolina,Orangeburg County
190360,South Carolina,Pickens County
190417,South Carolina,Richland County
190474,South Carolina,Saluda County
190531,South Carolina,Spartanburg County
190588,South Carolina,Sumter County
190645,South Carolina,Union County
190702,South Carolina,Williamsburg County
190759,South Carolina,York County
190816,South Dakota,
190873,South Dakota,Beadle County
190930,South Dakota,Bon Homme County
190948,South Dakota,Brookings County
191005,South Dakota,Brown County
191062,South Dakota,Brule County
191085,South Dakota,Butte County
191141,South Dakota,Charles Mix County
191177,South Dakota,Clay County
191234,South Dakota,Codington County
191291,South Dakota,Custer County
191331,South Dakota,Davison County
191388,South Dakota,Dewey County
191397,South Dakota,Fall River County
191444,South Dakota,Grant County
191492,South Dakota,Hamlin County
191514,South Dakota,Hughes County
191571,South Dakota,Hutchinson County
191611,South Dakota,Kingsbury County
191621,South Dakota,Lake County
191677,South Dakota,Lawrence County
191734,South Dakota,Lincoln County
191791,South Dakota,McCook County
191817,South Dakota,Meade County
191874,South Dakota,Minnehaha County
191931,South Dakota,Moody County
191971,South Dakota,Pennington County
192028,South Dakota,Roberts County
192072,South Dakota,Shannon County
192112,South Dakota,Spink County
192131,South Dakota,Todd County
192174,South Dakota,Tripp County
192178,South Dakota,Turner County
192218,South Dakota,Union County
192275,South Dakota,Walworth County
192294,South Dakota,Yankton County
192351,Tennessee,
192408,Tennessee,Anderson County
192465,Tennessee,Bedford County
192522,Tennessee,Benton County
192579,Tennessee,Bledsoe County
192627,Tennessee,Blount County
192684,Tennessee,Bradley County
192741,Tennessee,Campbell County
192798,Tennessee,Cannon County
192855,Tennessee,Carroll County
192912,Tennessee,Carter County
192969,Tennessee,Cheatham County
193026,Tennessee,Chester County
193083,Tennessee,Claiborne County
193140,Tennessee,Clay County
193172,Tennessee,Cocke County
193229,Tennessee,Coffee County
193286,Tennessee,Crockett County
193343,Tennessee,Cumberland County
193400,Tennessee,Davidson County
193457,Tennessee,Decatur County
193513,Tennessee,DeKalb County
193570,Tennessee,Dickson County
193627,Tennessee,Dyer County
193684,Tennessee,Fayette County
193741,Tennessee,Fentress County
193798,Tennessee,Franklin County
193855,Tennessee,Gibson County
193912,Tennessee,Giles County
193969,Tennessee,Grainger County
194026,Tennessee,Greene County
194083,Tennessee,Grundy County
194139,Tennessee,Hamblen County
194196,Tennessee,Hamilton County
194253,Tennessee,Hancock County
194271,Tennessee,Hardeman County
194328,Tennessee,Hardin County
194385,Tennessee,Hawkins County
194442,Tennessee,Haywood County
194499,Tennessee,Henderson County
194556,Tennessee,Henry County
194613,Tennessee,Hickman County
194670,Tennessee,Houston County
194724,Tennessee,Humphreys County
194781,Tennessee,Jackson County
194821,Tennessee,Jefferson County
194878,Tennessee,Johnson County
194935,Tennessee,Knox County
194992,Tennessee,Lauderdale County
195049,Tennessee,Lawrence County
195106,Tennessee,Lewis County
195162,Tennessee,Lincoln County
195219,Tennessee,Loudon County
195276,Tennessee,Macon County
195333,Tennessee,Madison County
195390,Tennessee,Marion County
195447,Tennessee,Marshall County
195504,Tennessee,Maury County
195561,Tennessee,McMinn County
195618,Tennessee,McNairy County
195675,Tennessee,Meigs County
195732,Tennessee,Monroe County
195789,Tennessee,Montgomery County
195846,Tennessee,Moore County
195876,Tennessee,Morgan County
195933,Tennessee,Obion County
195990,Tennessee,Overton County
196047,Tennessee,Perry County
196070,Tennessee,Polk County
196127,Tennessee,Putnam County
196184,Tennessee,Rhea County
196241,Tennessee,Roane County
196298,Tennessee,Robertson County
196355,Tennessee,Rutherford County
196412,Tennessee,Scott County
196469,Tennessee,Sequatchie County
196526,Tennessee,Sevier County
196583,Tennessee,Shelby County
196640,Tennessee,Smith County
196697,Tennessee,Stewart County
196745,Tennessee,Sullivan County
196802,Tennessee,Sumner County
196859,Tennessee,Tipton County
196916,Tennessee,Trousdale County
196972,Tennessee,Unicoi County
197029,Tennessee,Union County
197086,Tennessee,Van Buren County
197106,Tennessee,Warren County
197163,Tennessee,Washington County
197220,Tennessee,Wayne County
197276,Tennessee,Weakley County
197333,Tennessee,White County
197390,Tennessee,Williamson County
197447,Tennessee,Wilson County
197504,Texas,
197561,Texas,Anderson County
197618,Texas,Andrews County
197675,Texas,Angelina County
197732,Texas,Aransas County
197789,Texas,Archer County
197829,Texas,Atascosa County
197886,Texas,Austin County
197943,Texas,Bailey County
197999,Texas,Bandera County
198056,Texas,Bastrop County
198113,Texas,Bee County
198170,Texas,Bell County
198227,Texas,Bexar County
198284,Texas,Blanco County
198341,Texas,Bosque County
198398,Texas,Bowie County
198455,Texas,Brazoria County
198512,Texas,Brazos County
198569,Texas,Brewster County
198625,Texas,Brooks County
198682,Texas,Brown County
198739,Texas,Burleson County
198796,Texas,Burnet County
198853,Texas,Caldwell County
198910,Texas,Calhoun County
198967,Texas,Callahan County
199024,Texas,Cameron County
199081,Texas,Camp County
199138,Texas,Carson County
199194,Texas,Cass County
199251,Texas,Castro County
199292,Texas,Chambers County
199349,Texas,Cherokee County
199406,Texas,Childress County
199463,Texas,Clay County
199518,Texas,Coke County
199526,Texas,Coleman County
199582,Texas,Collin County
199639,Texas,Colorado County
199696,Texas,Comal County
199753,Texas,Comanche County
199809,Texas,Cooke County
199866,Texas,Coryell County
199923,Texas,Crane County
199976,Texas,Crockett County
199990,Texas,Crosby County
200044,Texas,Culberson County
200101,Texas,Dallam County
200157,Texas,Dallas County
200214,Texas,Dawson County
200270,Texas,Deaf Smith County
200327,Texas,Delta County
200339,Texas,Denton County
200396,Texas,DeWitt County
200453,Texas,Dimmit County
200510,Texas,Donley County
200520,Texas,Duval County
200576,Texas,Eastland County
200633,Texas,Ector County
200690,Texas,El Paso County
200747,Texas,Ellis County
200804,Texas,Erath County
200861,Texas,Falls County
200918,Texas,Fannin County
200975,Texas,Fayette County
201032,Texas,Floyd County
201041,Texas,Fort Bend County
201098,Texas,Franklin County
201155,Texas,Freestone County
201212,Texas,Frio County
201269,Texas,Gaines County
201326,Texas,Galveston County
201383,Texas,Garza County
201434,Texas,Gillespie County
201491,Texas,Goliad County
201535,Texas,Gonzales County
201592,Texas,Gray County
201649,Texas,Grayson County
201706,Texas,Gregg County
201763,Texas,Grimes County
201820,Texas,Guadalupe County
201877,Texas,Hale County
201934,Texas,Hall County
201981,Texas,Hamilton County
202037,Texas,Hardeman County
202094,Texas,Hardin County
202151,Texas,Harris County
202208,Texas,Harrison County
202265,Texas,Hartley County
202283,Texas,Haskell County
202334,Texas,Hays County
202391,Texas,Henderson County
202448,Texas,Hidalgo County
202505,Texas,Hill County
202562,Texas,Hockley County
202619,Texas,Hood County
202676,Texas,Hopkins County
202733,Texas,Houston County
202790,Texas,Howard County
202847,Texas,Hunt County
202904,Texas,Hutchinson County
202961,Texas,Jack County
203009,Texas,Jackson County
203066,Texas,Jasper County
203123,Texas,Jefferson County
203180,Texas,Jim Hogg County
203231,Texas,Jim Wells County
203288,Texas,Johnson County
203345,Texas,Jones County
203402,Texas,Karnes County
203459,Texas,Kaufman County
203516,Texas,Kendall County
203573,Texas,Kerr County
203630,Texas,Kimble County
203687,Texas,Kleberg County
203744,Texas,La Salle County
203801,Texas,Lamar County
203858,Texas,Lamb County
203915,Texas,Lampasas County
203972,Texas,Lavaca County
204029,Texas,Lee County
204086,Texas,Leon County
204143,Texas,Liberty County
204200,Texas,Limestone County
204257,Texas,Live Oak County
204314,Texas,Llano County
204371,Texas,Loving County
204415,Texas,Lubbock County
204472,Texas,Lynn County
204491,Texas,Madison County
204548,Texas,Marion County
204604,Texas,Martin County
204660,Texas,Matagorda County
204717,Texas,Maverick County
204774,Texas,McCulloch County
204830,Texas,McLennan County
204887,Texas,McMullen County
204920,Texas,Medina County
204977,Texas,Midland County
205034,Texas,Milam County
205091,Texas,Mitchell County
205147,Texas,Montague County
205204,Texas,Montgomery County
205261,Texas,Moore County
205318,Texas,Morris County
205375,Texas,Nacogdoches County
205432,Texas,Navarro County
205489,Texas,Newton County
205541,Texas,Nolan County
205598,Texas,Nueces County
205655,Texas,Ochiltree County
205711,Texas,Oldham County
205768,Texas,Orange County
205825,Texas,Palo Pinto County
205882,Texas,Panola County
205939,Texas,Parker County
205996,Texas,Parmer County
206052,Texas,Pecos County
206109,Texas,Polk County
206166,Texas,Potter County
206223,Texas,Presidio County
206279,Texas,Rains County
206336,Texas,Randall County
206393,Texas,Reagan County
206450,Texas,Real County
206451,Texas,Red River County
206507,Texas,Reeves County
206564,Texas,Refugio County
206621,Texas,Robertson County
206678,Texas,Rockwall County
206735,Texas,Runnels County
206791,Texas,Rusk County
206848,Texas,Sabine County
206903,Texas,San Augustine County
206942,Texas,San Jacinto County
206999,Texas,San Patricio County
207056,Texas,San Saba County
207081,Texas,Scurry County
207138,Texas,Shelby County
207195,Texas,Sherman County
207252,Texas,Smith County
207309,Texas,Somervell County
207365,Texas,Starr County
207422,Texas,Stephens County
207478,Texas,Sutton County
207500,Texas,Swisher County
207545,Texas,Tarrant County
207602,Texas,Taylor County
207659,Texas,Terry County
207716,Texas,Titus County
207773,Texas,Tom Green County
207830,Texas,Travis County
207887,Texas,Trinity County
207944,Texas,Tyler County
208001,Texas,Upshur County
208058,Texas,Upton County
208110,Texas,Uvalde County
208167,Texas,Val Verde County
208224,Texas,Van Zandt County
208281,Texas,Victoria County
208338,Texas,Walker County
208395,Texas,Waller County
208452,Texas,Ward County
208509,Texas,Washington County
208566,Texas,Webb County
208623,Texas,Wharton County
208680,Texas,Wheeler County
208681,Texas,Wichita County
208738,Texas,Wilbarger County
208795,Texas,Willacy County
208852,Texas,Williamson County
208909,Texas,Wilson County
208966,Texas,Winkler County
209023,Texas,Wise County
209080,Texas,Wood County
209137,Texas,Yoakum County
209193,Texas,Young County
209250,Texas,Zapata County
209306,Texas,Zavala County
209362,Utah,
209419,Utah,Beaver County
209476,Utah,Box Elder County
209533,Utah,Cache County
209590,Utah,Carbon County
209647,Utah,Davis County
209704,Utah,Duchesne County
209761,Utah,Emery County
209812,Utah,Garfield County
209818,Utah,Grand County
209875,Utah,Iron County
209932,Utah,Juab County
209987,Utah,Kane County
210035,Utah,Millard County
210085,Utah,Morgan County
210132,Utah,Salt Lake County
210189,Utah,San Juan County
210241,Utah,Sanpete County
210298,Utah,Sevier County
210355,Utah,Summit County
210412,Utah,Tooele County
210469,Utah,Uintah County
210526,Utah,Utah County
210583,Utah,Wasatch County
210640,Utah,Washington County
210697,Utah,Weber County
210754,Vermont,
210811,Vermont,Addison County
210868,Vermont,Bennington County
210925,Vermont,Caledonia County
210982,Vermont,Chittenden County
211039,Vermont,Essex County
211058,Vermont,Franklin County
211115,Vermont,Grand Isle County
211155,Vermont,Lamoille County
211212,Vermont,Orange County
211269,Vermont,Orleans County
211326,Vermont,Rutland County
211383,Vermont,Washington County
211440,Vermont,Windham County
211497,Vermont,Windsor County
211554,Virginia,
211611,Virginia,Accomack County
211668,Virginia,Albemarle County
211725,Virginia,Alexandria
211782,Virginia,Alleghany County
211839,Virginia,Amelia County
211895,Virginia,Amherst County
211952,Virginia,Appomattox County
212009,Virginia,Arlington County
212066,Virginia,Augusta County
212123,Virginia,Bath County
212128,Virginia,Bedford County
212185,Virginia,Bland County
212242,Virginia,Botetourt County
212299,Virginia,Bristol
212356,Virginia,Brunswick County
212413,Virginia,Buchanan County
212469,Virginia,Buckingham County
212525,Virginia,Buena Vista
212565,Virginia,Campbell County
212622,Virginia,Caroline County
212679,Virginia,Carroll County
212736,Virginia,Charles City County
212776,Virginia,Charlotte County
212832,Virginia,Charlottesville
212889,Virginia,Chesapeake
212946,Virginia,Chesterfield County
213003,Virginia,Clarke County
213059,Virginia,Colonial Heights
213116,Virginia,Covington
213172,Virginia,Craig County
213187,Virginia,Culpeper County
213244,Virginia,Cumberland County
213285,Virginia,Danville
213342,Virginia,Dickenson County
213394,Virginia,Dinwiddie County
213451,Virginia,Emporia
213508,Virginia,Essex County
213565,Virginia,Fairfax
213622,Virginia,Fairfax County
213679,Virginia,Falls Church
213736,Virginia,Fauquier County
213793,Virginia,Floyd County
213849,Virginia,Fluvanna County
213906,Virginia,Franklin
213963,Virginia,Franklin County
214020,Virginia,Frederick County
214077,Virginia,Fredericksburg
214134,Virginia,Galax
214191,Virginia,Giles County
214248,Virginia,Gloucester County
214305,Virginia,Goochland County
214362,Virginia,Grayson County
214402,Virginia,Greene County
214459,Virginia,Greensville County
214516,Virginia,Halifax County
214573,Virginia,Hampton
214630,Virginia,Hanover County
214687,Virginia,Harrisonburg
214744,Virginia,Henrico County
214801,Virginia,Henry County
214858,Virginia,Hopewell
214915,Virginia,Isle of Wight County
214972,Virginia,James City County
215029,Virginia,King and Queen County
215069,Virginia,King George County
215126,Virginia,King William County
215183,Virginia,Lancaster County
215239,Virginia,Lee County
215296,Virginia,Lexington
215347,Virginia,Loudoun County
215404,Virginia,Louisa County
215461,Virginia,Lunenburg County
215517,Virginia,Lynchburg
215574,Virginia,Madison County
215630,Virginia,Manassas
215687,Virginia,Manassas Park
215744,Virginia,Martinsville
215801,Virginia,Mathews County
215849,Virginia,Mecklenburg County
215906,Virginia,Middlesex County
215962,Virginia,Montgomery County
216019,Virginia,Nelson County
216076,Virginia,New Kent County
216133,Virginia,Newport News
216190,Virginia,Norfolk
216247,Virginia,Northampton County
216304,Virginia,Northumberland County
216360,Virginia,Norton
216411,Virginia,Nottoway County
216468,Virginia,Orange County
216525,Virginia,Page County
216582,Virginia,Patrick County
216639,Virginia,Petersburg
216696,Virginia,Pittsylvania County
216753,Virginia,Poquoson
216809,Virginia,Portsmouth
216866,Virginia,Powhatan County
216923,Virginia,Prince Edward County
216980,Virginia,Prince George County
217037,Virginia,Prince William County
217094,Virginia,Pulaski County
217151,Virginia,Radford
217208,Virginia,Rappahannock County
217227,Virginia,Richmond
217284,Virginia,Richmond County
217340,Virginia,Roanoke
217397,Virginia,Roanoke County
217454,Virginia,Rockbridge County
217511,Virginia,Rockingham County
217568,Virginia,Russell County
217625,Virginia,Salem
217682,Virginia,Scott County
217739,Virginia,Shenandoah County
217796,Virginia,Smyth County
217853,Virginia,Southampton County
217910,Virginia,Spotsylvania County
217967,Virginia,Stafford County
218024,Virginia,Staunton
218081,Virginia,Suffolk
218138,Virginia,Surry County
218178,Virginia,Sussex County
218235,Virginia,Tazewell County
218292,Virginia,Virginia Beach
218349,Virginia,Warren County
218406,Virginia,Washington County
218463,Virginia,Waynesboro
218520,Virginia,Westmoreland County
218577,Virginia,Williamsburg
218634,Virginia,Winchester
218691,Virginia,Wise County
218748,Virginia,Wythe County
218805,Virginia,York County
218862,Washington,
218919,Washington,Adams County
218976,Washington,Asotin County
219033,Washington,Benton County
219090,Washington,Chelan County
219147,Washington,Clallam County
219204,Washington,Clark County
219261,Washington,Cowlitz County
219318,Washington,Douglas County
219375,Washington,Ferry County
219390,Washington,Franklin County
219447,Washington,Grant County
219504,Washington,Grays Harbor County
219561,Washington,Island County
219618,Washington,Jefferson County
219675,Washington,King County
219732,Washington,Kitsap County
219789,Washington,Kittitas County
219846,Washington,Klickitat County
219903,Washington,Lewis County
219960,Washington,Lincoln County
220000,Washington,Mason County
220057,Washington,Okanogan County
220114,Washington,Pacific County
220171,Washington,Pend Oreille County
220227,Washington,Pierce County
220284,Washington,San Juan County
220341,Washington,Skagit County
220398,Washington,Skamania County
220455,Washington,Snohomish County
220512,Washington,Spokane County
220569,Washington,Stevens County
220626,Washington,Thurston County
220683,Washington,Walla Walla County
220740,Washington,Whatcom County
220797,Washington,Whitman County
220854,Washington,Yakima County
220911,West Virginia,
220968,West Virginia,Barbour County
221025,West Virginia,Berkeley County
221082,West Virginia,Boone County
221139,West Virginia,Braxton County
221196,West Virginia,Brooke County
221253,West Virginia,Cabell County
221310,West Virginia,Fayette County
221367,West Virginia,Grant County
221408,West Virginia,Greenbrier County
221465,West Virginia,Hampshire County
221522,West Virginia,Hancock County
221579,West Virginia,Hardy County
221635,West Virginia,Harrison County
221692,West Virginia,Jackson County
221749,West Virginia,Jefferson County
221806,West Virginia,Kanawha County
221863,West Virginia,Lewis County
221920,West Virginia,Lincoln County
221960,West Virginia,Logan County
222017,West Virginia,Marion County
222074,West Virginia,Marshall County
222131,West Virginia,Mason County
222188,West Virginia,McDowell County
222228,West Virginia,Mercer County
222285,West Virginia,Mineral County
222342,West Virginia,Mingo County
222382,West Virginia,Monongalia County
222439,West Virginia,Monroe County
222479,West Virginia,Morgan County
222536,West Virginia,Nicholas County
222593,West Virginia,Ohio County
222650,West Virginia,Pleasants County
222669,West Virginia,Pocahontas County
222687,West Virginia,Preston County
222744,West Virginia,Putnam County
222801,West Virginia,Raleigh County
222858,West Virginia,Randolph County
222915,West Virginia,Ritchie County
222952,West Virginia,Roane County
223008,West Virginia,Summers County
223062,West Virginia,Taylor County
223119,West Virginia,Tucker County
223135,West Virginia,Tyler County
223175,West Virginia,Upshur County
223232,West Virginia,Wayne County
223289,West Virginia,Webster County
223300,West Virginia,Wetzel County
223357,West Virginia,Wirt County
223358,West Virginia,Wood County
223415,West Virginia,Wyoming County
223455,Wisconsin,
223512,Wisconsin,Adams County
223569,Wisconsin,Ashland County
223626,Wisconsin,Barron County
223683,Wisconsin,Bayfield County
223735,Wisconsin,Brown County
223792,Wisconsin,Buffalo County
223847,Wisconsin,Burnett County
223904,Wisconsin,Calumet County
223961,Wisconsin,Chippewa County
224018,Wisconsin,Clark County
224075,Wisconsin,Columbia County
224132,Wisconsin,Crawford County
224189,Wisconsin,Dane County
224246,Wisconsin,Dodge County
224303,Wisconsin,Door County
224360,Wisconsin,Douglas County
224417,Wisconsin,Dunn County
224474,Wisconsin,Eau Claire County
224531,Wisconsin,Florence County
224539,Wisconsin,Fond du Lac County
224596,Wisconsin,Forest County
224644,Wisconsin,Grant County
224701,Wisconsin,Green County
224758,Wisconsin,Green Lake County
224815,Wisconsin,Iowa County
224872,Wisconsin,Iron County
224913,Wisconsin,Jackson County
224970,Wisconsin,Jefferson County
225027,Wisconsin,Juneau County
225084,Wisconsin,Kenosha County
225141,Wisconsin,Kewaunee County
225198,Wisconsin,La Crosse County
225255,Wisconsin,Lafayette County
225306,Wisconsin,Langlade County
225363,Wisconsin,Lincoln County
225420,Wisconsin,Manitowoc County
225477,Wisconsin,Marathon County
225534,Wisconsin,Marinette County
225591,Wisconsin,Marquette County
225648,Wisconsin,Milwaukee County
225705,Wisconsin,Monroe County
225762,Wisconsin,Oconto County
225819,Wisconsin,Oneida County
225876,Wisconsin,Outagamie County
225933,Wisconsin,Ozaukee County
225990,Wisconsin,Pepin County
226033,Wisconsin,Pierce County
226090,Wisconsin,Polk County
226147,Wisconsin,Portage County
226204,Wisconsin,Price County
226260,Wisconsin,Racine County
226317,Wisconsin,Richland County
226374,Wisconsin,Rock County
226431,Wisconsin,Rusk County
226487,Wisconsin,Sauk County
226544,Wisconsin,Sawyer County
226601,Wisconsin,Shawano County
226658,Wisconsin,Sheboygan County
226715,Wisconsin,St. Croix County
226772,Wisconsin,Taylor County
226829,Wisconsin,Trempealeau County
226886,Wisconsin,Vernon County
226943,Wisconsin,Vilas County
227000,Wisconsin,Walworth County
227057,Wisconsin,Washburn County
227114,Wisconsin,Washington County
227171,Wisconsin,Waukesha County
227228,Wisconsin,Waupaca County
227285,Wisconsin,Waushara County
227342,Wisconsin,Winnebago County
227399,Wisconsin,Wood County
227456,Wyoming,
227513,Wyoming,Albany County
227570,Wyoming,Big Horn County
227619,Wyoming,Campbell County
227676,Wyoming,Carbon County
227733,Wyoming,Converse County
227790,Wyoming,Crook County
227807,Wyoming,Fremont County
227864,Wyoming,Goshen County
227921,Wyoming,Hot Springs County
227924,Wyoming,Johnson County
227972,Wyoming,Laramie County
228029,Wyoming,Lincoln County
228086,Wyoming,Natrona County
228143,Wyoming,Park County
228200,Wyoming,Platte County
228256,Wyoming,Sheridan County
228313,Wyoming,Sublette County
228362,Wyoming,Sweetwater County
228419,Wyoming,Teton County
228476,Wyoming,Uinta County
228533,Wyoming,Washakie County
228581,Wyoming,Weston County
